Top queries,Clicks,Impressions,CTR,Position
post mba salary,0,54,0%,26.35
mba roi calculator,0,28,0%,32.21
mba pay,0,26,0%,53.12
mba salaries,0,26,0%,58.88
mba roi,0,25,0%,47.64
average mba salary,0,25,0%,68.56
mba calculator,0,24,0%,30.92
does an mba increase salary,0,23,0%,52.39
average mba salary after 5 years,0,22,0%,26.55
mba return on investment calculator,0,20,0%,20
mba return on investment,0,17,0%,57.12
"2023 mba employment report median base salary harvard stanford wharton 
booth kellogg columbia mit sloan",0,14,0%,9.71
mba value calculator,0,13,0%,18.69
mba jobs that pay $200k or more,0,13,0%,19.54
mba salary increase,0,13,0%,35.08
mba payback period,0,11,0%,17.45
mba salary after 10 years,0,11,0%,42.82
harvard mba salary after 5 years,0,10,0%,7.9
insead vs wharton,0,10,0%,8.8
the average mba salary after 10 years,0,9,0%,59.22
how much does an mba increase your salary,0,8,0%,59.88
mba salary by school,0,7,0%,25.29
gi bill mba,0,7,0%,30.29
online mba under $35k,0,7,0%,32.14
mba salary calculator,0,7,0%,45.29
average salary after mba,0,7,0%,61.14
how much should an mba increase my salary,0,7,0%,64.43
salary for mba in project management,0,7,0%,65.57
mba in project management salary,0,7,0%,72.71
insead vs wharton mba roi comparison for international students,0,6,0%,7.67
military tuition discount mba,0,6,0%,43.5
salary after mba,0,6,0%,55.33
mba salary growth,0,6,0%,69
average mba salary by age,0,6,0%,86
calculate npv of mba,0,5,0%,23
mckinsey salary mba,0,5,0%,29.4
mba consulting salaries,0,5,0%,48
mba payoff calculator,0,5,0%,52.2
what is the lifetime roi of an mba,0,5,0%,62
average salary of mba graduates,0,5,0%,76.2
how to calculate mba roi,0,4,0%,16.5
gi bill for mba,0,4,0%,30
yellow ribbon mba programs,0,4,0%,39.75
what is the average return on an mba,0,4,0%,40.5
online mba yellow ribbon,0,4,0%,49
roi of an mba,0,4,0%,49.75
best return on investment mba,0,4,0%,53
are mba starting salaries soaring,0,4,0%,61.5
the average mba salary after 5 years,0,4,0%,69.75
mba salary after graduation,0,4,0%,70.25
mba starting salary by school,0,4,0%,73
how much does an mba raise your salary,0,4,0%,77
salary increase after mba marketing,0,4,0%,78.25
wharton vs insead,0,3,0%,8.33
stanford mba salary after 10 years,0,3,0%,9.33
wharton vs insead executive education key trade-offs,0,3,0%,11
"""pre-mba salary"" ""stanford gsb""",0,3,0%,12
wharton mba salary after 10 years,0,3,0%,14.67
average post mba salary,0,3,0%,32.67
project manager mba salary,0,3,0%,43.67
free mba for veterans,0,3,0%,46.67
online mba military tuition discount,0,3,0%,55.67
return on investment mba,0,3,0%,66.33
mba career paths and salaries,0,3,0%,72.33
salary increase after mba supply chain,0,3,0%,72.33
average salary for an mba,0,3,0%,77
salary after mba ai specialization,0,3,0%,79.33
average salary for mba graduates,0,3,0%,82
goldman sachs associate bonus,0,2,0%,10.5
average mba salary after 10 years,0,2,0%,12
return to office,0,2,0%,16
m7 mba salary,0,2,0%,18
wharton mba salary after 5 years,0,2,0%,18
mba salary after 5 years,0,2,0%,19.5
wharton insead,0,2,0%,20.5
mba technology management salary,0,2,0%,27.5
yellow ribbon mba,0,2,0%,34
mba harvard salary,0,2,0%,42
mba pay increase,0,2,0%,46
mba salary by industry,0,2,0%,47
will an mba increase my salary,0,2,0%,51.5
salary increase after mba finance,0,2,0%,56.5
how valuable is an mba,0,2,0%,58
mba consulting salary,0,2,0%,58.5
emba payrise,0,2,0%,61
what is the value of an mba,0,2,0%,62.5
tech skills courses return on investment,0,2,0%,66.5
executive mba payrise,0,2,0%,74
am i underpaid,0,2,0%,76.5
average salary of mba graduate,0,2,0%,79.5
grad school roi calculator,0,2,0%,80.5
companies that pay for mba,0,2,0%,97
mba salary,0,1,0%,1
career roi,0,1,0%,3
t15 mba programs,0,1,0%,4
masters in business administration salary,0,1,0%,5
roi score,0,1,0%,9
m7 and t15 schools,0,1,0%,10
goldman sachs mba salary,0,1,0%,11
insead mba roi,0,1,0%,11
strategy& post mba salary,0,1,0%,11
wharton vs insead executive education trade-offs,0,1,0%,11
what’s the average salary increase after completing a part-time mba?,0,1,0%,11
"""hbs"" ""pre-mba salary""",0,1,0%,12
mckinsey signing bonus,0,1,0%,14
mba mckinsey salary,0,1,0%,15
wharton yellow ribbon,0,1,0%,17
mbb vs big 4 salary,0,1,0%,18
harvard mba salary after 10 years,0,1,0%,19
insead wharton,0,1,0%,24
is an mba worth it 2022,0,1,0%,25
lifetime salary calculator,0,1,0%,26
salary increase after mba,0,1,0%,26
how much will an mba increase my salary,0,1,0%,27
is mba worth it in 2022,0,1,0%,27
are mbas worth the investment,0,1,0%,28
lifetime earning calculator,0,1,0%,28
post mba salaries,0,1,0%,28
will the army pay for mba,0,1,0%,30
mba lifetime earnings,0,1,0%,33
post mba salary by school,0,1,0%,33
mba teacher salary,0,1,0%,35
using gi bill for mba,0,1,0%,37
mckinsey bonus,0,1,0%,38
mba salary california,0,1,0%,41
mba scholarships veterans,0,1,0%,41
wharton mba average salary,0,1,0%,41
business school calculator,0,1,0%,42
return on investment of an mba,0,1,0%,43
harvard business school salary,0,1,0%,44
average mba salary after 5 years in usa,0,1,0%,45
lifetime salary,0,1,0%,45
average mba starting salary dallas,0,1,0%,48
gi bill executive mba,0,1,0%,48
does getting an mba pay off,0,1,0%,49
ucw mba pay,0,1,0%,49
mba in business consulting salary,0,1,0%,51
mba salary rankings,0,1,0%,51
military tuition assistance mba,0,1,0%,52
stanford mba salary,0,1,0%,52
emba salary increase,0,1,0%,53
mba leadership salary,0,1,0%,53
mba in consulting salary,0,1,0%,55
mba in technology management salary,0,1,0%,57
average mba salary 5 years after graduation,0,1,0%,60
salary increase after mba hr,0,1,0%,61
best online mba military tuition assistance,0,1,0%,62
online mba military tuition assistance,0,1,0%,62
mba 5 years experience salary,0,1,0%,63
salary mba,0,1,0%,63
average starting salary with mba,0,1,0%,65
executive mba salary increase,0,1,0%,67
mba income,0,1,0%,67
how much does an mba earn,0,1,0%,69
law school roi calculator,0,1,0%,69
average salary after mba in usa,0,1,0%,70
the value of an mba,0,1,0%,72
average salary for an mba degree,0,1,0%,73
geographic pay differentials calculator,0,1,0%,73
average salary with an mba,0,1,0%,77
mba salaries usa,0,1,0%,77
mba in business management salary,0,1,0%,78
thinkful cost,0,1,0%,78
what is the salary of mba,0,1,0%,80
what is the average salary for mba graduate,0,1,0%,84
salary with an mba degree,0,1,0%,85
what is the average salary for an mba graduate,0,1,0%,85
how much do mba graduates make,0,1,0%,88
rto calculator,0,1,0%,88
how much is an mba worth,0,1,0%,90
what is the average salary of an mba graduate,0,1,0%,90
what does the average person make in their lifetime,0,1,0%,98
how much does lifetime pay,0,1,0%,99